STRUCTURE,STRUCTURE_ID,STRUCTURE_NAME,ACTION,REF_AREA,Reference area,FREQ,Frequency of observation,MEASURE,Measure,AGE,Age,SEX,Sex,UNIT_MEASURE,Unit of measure,METHODOLOGY,Measurement method,TIME_PERIOD,Time period,OBS_VALUE,Observation value,OBS_STATUS,Observation status,UNIT_MULT,Unit multiplier,DECIMALS,Decimals
DATAFLOW,OECD.ELS.HD:DSD_HEALTH_LVNG@DF_HEALTH_LVNG(1.0),Risk factors for health,I,AUS,Australia,A,Annual,SP_CFRD,Share of population consuming fruits daily,Y_GE15,15 years or over,_T,Total,PT_POP,Percentage of population,SRVY,Survey,2001,,94,,D,Definition differs,0,Units,,
DATAFLOW,OECD.ELS.HD:DSD_HEALTH_LVNG@DF_HEALTH_LVNG(1.0),Risk factors for health,I,AUS,Australia,A,Annual,SP_CFRD,Share of population consuming fruits daily,Y_GE15,15 years or over,_T,Total,PT_POP,Percentage of population,SRVY,Survey,2022,,87.9,,A,Normal value,0,Units,,
DATAFLOW,OECD.ELS.HD:DSD_HEALTH_LVNG@DF_HEALTH_LVNG(1.0),Risk factors for health,I,AUS,Australia,A,Annual,SP_CFRD,Share of population consuming fruits daily,Y_GE15,15 years or over,_T,Total,PT_POP,Percentage of population,SRVY,Survey,2017,,94.8,,A,Normal value,0,Units,,
DATAFLOW,OECD.ELS.HD:DSD_HEALTH_LVNG@DF_HEALTH_LVNG(1.0),Risk factors for health,I,AUS,Australia,A,Annual,SP_CFRD,Share of population consuming fruits daily,Y_GE15,15 years or over,_T,Total,PT_POP,Percentage of population,SRVY,Survey,2014,,95,,D,Definition differs,0,Units,,
DATAFLOW,OECD.ELS.HD:DSD_HEALTH_LVNG@DF_HEALTH_LVNG(1.0),Risk factors for health,I,AUS,Australia,A,Annual,SP_CFRD,Share of population consuming fruits daily,Y_GE15,15 years or over,_T,Total,PT_POP,Percentage of population,SRVY,Survey,2011,,94,,D,Definition differs,0,Units,,
DATAFLOW,OECD.ELS.HD:DSD_HEALTH_LVNG@DF_HEALTH_LVNG(1.0),Risk factors for health,I,AUS,Australia,A,Annual,SP_CFRD,Share of population consuming fruits daily,Y_GE15,15 years or over,_T,Total,PT_POP,Percentage of population,SRVY,Survey,2007,,94,,D,Definition differs,0,Units,,
DATAFLOW,OECD.ELS.HD:DSD_HEALTH_LVNG@DF_HEALTH_LVNG(1.0),Risk factors for health,I,AUT,Austria,A,Annual,SP_CFRD,Share of population consuming fruits daily,Y_GE15,15 years or over,_T,Total,PT_POP,Percentage of population,SRVY,Survey,2014,,56.2,,A,Normal value,0,Units,,
DATAFLOW,OECD.ELS.HD:DSD_HEALTH_LVNG@DF_HEALTH_LVNG(1.0),Risk factors for health,I,BEL,Belgium,A,Annual,SP_CFRD,Share of population consuming fruits daily,Y_GE15,15 years or over,_T,Total,PT_POP,Percentage of population,SRVY,Survey,2013,,53.9,,A,Normal value,0,Units,,
DATAFLOW,OECD.ELS.HD:DSD_HEALTH_LVNG@DF_HEALTH_LVNG(1.0),Risk factors for health,I,BEL,Belgium,A,Annual,SP_CFRD,Share of population consuming fruits daily,Y_GE15,15 years or over,_T,Total,PT_POP,Percentage of population,SRVY,Survey,2008,,63.1,,A,Normal value,0,Units,,
DATAFLOW,OECD.ELS.HD:DSD_HEALTH_LVNG@DF_HEALTH_LVNG(1.0),Risk factors for health,I,BEL,Belgium,A,Annual,SP_CFRD,Share of population consuming fruits daily,Y_GE15,15 years or over,_T,Total,PT_POP,Percentage of population,SRVY,Survey,2004,,50.4,,A,Normal value,0,Units,,
DATAFLOW,OECD.ELS.HD:DSD_HEALTH_LVNG@DF_HEALTH_LVNG(1.0),Risk factors for health,I,BEL,Belgium,A,Annual,SP_CFRD,Share of population consuming fruits daily,Y_GE15,15 years or over,_T,Total,PT_POP,Percentage of population,SRVY,Survey,2001,,50.2,,A,Normal value,0,Units,,
DATAFLOW,OECD.ELS.HD:DSD_HEALTH_LVNG@DF_HEALTH_LVNG(1.0),Risk factors for health,I,CAN,Canada,A,Annual,SP_CFRD,Share of population consuming fruits daily,Y_GE15,15 years or over,_T,Total,PT_POP,Percentage of population,SRVY,Survey,2012,,67.3,,A,Normal value,0,Units,,
DATAFLOW,OECD.ELS.HD:DSD_HEALTH_LVNG@DF_HEALTH_LVNG(1.0),Risk factors for health,I,CAN,Canada,A,Annual,SP_CFRD,Share of population consuming fruits daily,Y_GE15,15 years or over,_T,Total,PT_POP,Percentage of population,SRVY,Survey,2011,,65.8,,A,Normal value,0,Units,,
DATAFLOW,OECD.ELS.HD:DSD_HEALTH_LVNG@DF_HEALTH_LVNG(1.0),Risk factors for health,I,CAN,Canada,A,Annual,SP_CFRD,Share of population consuming fruits daily,Y_GE15,15 years or over,_T,Total,PT_POP,Percentage of population,SRVY,Survey,2010,,69.1,,A,Normal value,0,Units,,
DATAFLOW,OECD.ELS.HD:DSD_HEALTH_LVNG@DF_HEALTH_LVNG(1.0),Risk factors for health,I,CAN,Canada,A,Annual,SP_CFRD,Share of population consuming fruits daily,Y_GE15,15 years or over,_T,Total,PT_POP,Percentage of population,SRVY,Survey,2009,,69.5,,A,Normal value,0,Units,,
DATAFLOW,OECD.ELS.HD:DSD_HEALTH_LVNG@DF_HEALTH_LVNG(1.0),Risk factors for health,I,CAN,Canada,A,Annual,SP_CFRD,Share of population consuming fruits daily,Y_GE15,15 years or over,_T,Total,PT_POP,Percentage of population,SRVY,Survey,2008,,67.8,,A,Normal value,0,Units,,
DATAFLOW,OECD.ELS.HD:DSD_HEALTH_LVNG@DF_HEALTH_LVNG(1.0),Risk factors for health,I,CAN,Canada,A,Annual,SP_CFRD,Share of population consuming fruits daily,Y_GE15,15 years or over,_T,Total,PT_POP,Percentage of population,SRVY,Survey,2007,,67.2,,A,Normal value,0,Units,,
DATAFLOW,OECD.ELS.HD:DSD_HEALTH_LVNG@DF_HEALTH_LVNG(1.0),Risk factors for health,I,CAN,Canada,A,Annual,SP_CFRD,Share of population consuming fruits daily,Y_GE15,15 years or over,_T,Total,PT_POP,Percentage of population,SRVY,Survey,2005,,66.9,,A,Normal value,0,Units,,
DATAFLOW,OECD.ELS.HD:DSD_HEALTH_LVNG@DF_HEALTH_LVNG(1.0),Risk factors for health,I,CAN,Canada,A,Annual,SP_CFRD,Share of population consuming fruits daily,Y_GE15,15 years or over,_T,Total,PT_POP,Percentage of population,SRVY,Survey,2003,,66.1,,A,Normal value,0,Units,,
DATAFLOW,OECD.ELS.HD:DSD_HEALTH_LVNG@DF_HEALTH_LVNG(1.0),Risk factors for health,I,CAN,Canada,A,Annual,SP_CFRD,Share of population consuming fruits daily,Y_GE15,15 years or over,_T,Total,PT_POP,Percentage of population,SRVY,Survey,2001,,61,,A,Normal value,0,Units,,
DATAFLOW,OECD.ELS.HD:DSD_HEALTH_LVNG@DF_HEALTH_LVNG(1.0),Risk factors for health,I,CAN,Canada,A,Annual,SP_CFRD,Share of population consuming fruits daily,Y_GE15,15 years or over,_T,Total,PT_POP,Percentage of population,SRVY,Survey,2021,,62.1,,A,Normal value,0,Units,,
DATAFLOW,OECD.ELS.HD:DSD_HEALTH_LVNG@DF_HEALTH_LVNG(1.0),Risk factors for health,I,CAN,Canada,A,Annual,SP_CFRD,Share of population consuming fruits daily,Y_GE15,15 years or over,_T,Total,PT_POP,Percentage of population,SRVY,Survey,2020,,64.9,,A,Normal value,0,Units,,
DATAFLOW,OECD.ELS.HD:DSD_HEALTH_LVNG@DF_HEALTH_LVNG(1.0),Risk factors for health,I,CAN,Canada,A,Annual,SP_CFRD,Share of population consuming fruits daily,Y_GE15,15 years or over,_T,Total,PT_POP,Percentage of population,SRVY,Survey,2017,,66.5,,A,Normal value,0,Units,,
DATAFLOW,OECD.ELS.HD:DSD_HEALTH_LVNG@DF_HEALTH_LVNG(1.0),Risk factors for health,I,CAN,Canada,A,Annual,SP_CFRD,Share of population consuming fruits daily,Y_GE15,15 years or over,_T,Total,PT_POP,Percentage of population,SRVY,Survey,2016,,65.4,,A,Normal value,0,Units,,
DATAFLOW,OECD.ELS.HD:DSD_HEALTH_LVNG@DF_HEALTH_LVNG(1.0),Risk factors for health,I,CAN,Canada,A,Annual,SP_CFRD,Share of population consuming fruits daily,Y_GE15,15 years or over,_T,Total,PT_POP,Percentage of population,SRVY,Survey,2015,,65.5,,B,Time series break,0,Units,,
DATAFLOW,OECD.ELS.HD:DSD_HEALTH_LVNG@DF_HEALTH_LVNG(1.0),Risk factors for health,I,CAN,Canada,A,Annual,SP_CFRD,Share of population consuming fruits daily,Y_GE15,15 years or over,_T,Total,PT_POP,Percentage of population,SRVY,Survey,2014,,68.8,,A,Normal value,0,Units,,
DATAFLOW,OECD.ELS.HD:DSD_HEALTH_LVNG@DF_HEALTH_LVNG(1.0),Risk factors for health,I,CHL,Chile,A,Annual,SP_CFRD,Share of population consuming fruits daily,Y_GE15,15 years or over,_T,Total,PT_POP,Percentage of population,SRVY,Survey,2006,,45.7,,A,Normal value,0,Units,,
DATAFLOW,OECD.ELS.HD:DSD_HEALTH_LVNG@DF_HEALTH_LVNG(1.0),Risk factors for health,I,CHL,Chile,A,Annual,SP_CFRD,Share of population consuming fruits daily,Y_GE15,15 years or over,_T,Total,PT_POP,Percentage of population,SRVY,Survey,2016,,39.8,,A,Normal value,0,Units,,
DATAFLOW,OECD.ELS.HD:DSD_HEALTH_LVNG@DF_HEALTH_LVNG(1.0),Risk factors for health,I,CZE,Czechia,A,Annual,SP_CFRD,Share of population consuming fruits daily,Y_GE15,15 years or over,_T,Total,PT_POP,Percentage of population,SRVY,Survey,2014,,46.8,,A,Normal value,0,Units,,
DATAFLOW,OECD.ELS.HD:DSD_HEALTH_LVNG@DF_HEALTH_LVNG(1.0),Risk factors for health,I,DNK,Denmark,A,Annual,SP_CFRD,Share of population consuming fruits daily,Y_GE15,15 years or over,_T,Total,PT_POP,Percentage of population,SRVY,Survey,2023,,43.7,,A,Normal value,0,Units,,
DATAFLOW,OECD.ELS.HD:DSD_HEALTH_LVNG@DF_HEALTH_LVNG(1.0),Risk factors for health,I,DNK,Denmark,A,Annual,SP_CFRD,Share of population consuming fruits daily,Y_GE15,15 years or over,_T,Total,PT_POP,Percentage of population,SRVY,Survey,2021,,45.3,,A,Normal value,0,Units,,
DATAFLOW,OECD.ELS.HD:DSD_HEALTH_LVNG@DF_HEALTH_LVNG(1.0),Risk factors for health,I,DNK,Denmark,A,Annual,SP_CFRD,Share of population consuming fruits daily,Y_GE15,15 years or over,_T,Total,PT_POP,Percentage of population,SRVY,Survey,2019,,46.2,,A,Normal value,0,Units,,
DATAFLOW,OECD.ELS.HD:DSD_HEALTH_LVNG@DF_HEALTH_LVNG(1.0),Risk factors for health,I,DNK,Denmark,A,Annual,SP_CFRD,Share of population consuming fruits daily,Y_GE15,15 years or over,_T,Total,PT_POP,Percentage of population,SRVY,Survey,2017,,52.2,,A,Normal value,0,Units,,
DATAFLOW,OECD.ELS.HD:DSD_HEALTH_LVNG@DF_HEALTH_LVNG(1.0),Risk factors for health,I,DNK,Denmark,A,Annual,SP_CFRD,Share of population consuming fruits daily,Y_GE15,15 years or over,_T,Total,PT_POP,Percentage of population,SRVY,Survey,2014,,53,,A,Normal value,0,Units,,
DATAFLOW,OECD.ELS.HD:DSD_HEALTH_LVNG@DF_HEALTH_LVNG(1.0),Risk factors for health,I,DNK,Denmark,A,Annual,SP_CFRD,Share of population consuming fruits daily,Y_GE15,15 years or over,_T,Total,PT_POP,Percentage of population,SRVY,Survey,2013,,61.7,,A,Normal value,0,Units,,
DATAFLOW,OECD.ELS.HD:DSD_HEALTH_LVNG@DF_HEALTH_LVNG(1.0),Risk factors for health,I,DNK,Denmark,A,Annual,SP_CFRD,Share of population consuming fruits daily,Y_GE15,15 years or over,_T,Total,PT_POP,Percentage of population,SRVY,Survey,2010,,66.4,,B,Time series break,0,Units,,
DATAFLOW,OECD.ELS.HD:DSD_HEALTH_LVNG@DF_HEALTH_LVNG(1.0),Risk factors for health,I,DNK,Denmark,A,Annual,SP_CFRD,Share of population consuming fruits daily,Y_GE15,15 years or over,_T,Total,PT_POP,Percentage of population,SRVY,Survey,2005,,50.4,,A,Normal value,0,Units,,
DATAFLOW,OECD.ELS.HD:DSD_HEALTH_LVNG@DF_HEALTH_LVNG(1.0),Risk factors for health,I,EST,Estonia,A,Annual,SP_CFRD,Share of population consuming fruits daily,Y_GE15,15 years or over,_T,Total,PT_POP,Percentage of population,SRVY,Survey,2009,,56.7,,A,Normal value,0,Units,,
DATAFLOW,OECD.ELS.HD:DSD_HEALTH_LVNG@DF_HEALTH_LVNG(1.0),Risk factors for health,I,EST,Estonia,A,Annual,SP_CFRD,Share of population consuming fruits daily,Y_GE15,15 years or over,_T,Total,PT_POP,Percentage of population,SRVY,Survey,2019,,49.1,,A,Normal value,0,Units,,
DATAFLOW,OECD.ELS.HD:DSD_HEALTH_LVNG@DF_HEALTH_LVNG(1.0),Risk factors for health,I,FIN,Finland,A,Annual,SP_CFRD,Share of population consuming fruits daily,Y_GE15,15 years or over,_T,Total,PT_POP,Percentage of population,SRVY,Survey,2006,,29.5,,A,Normal value,0,Units,,
DATAFLOW,OECD.ELS.HD:DSD_HEALTH_LVNG@DF_HEALTH_LVNG(1.0),Risk factors for health,I,FIN,Finland,A,Annual,SP_CFRD,Share of population consuming fruits daily,Y_GE15,15 years or over,_T,Total,PT_POP,Percentage of population,SRVY,Survey,2005,,27.3,,A,Normal value,0,Units,,
DATAFLOW,OECD.ELS.HD:DSD_HEALTH_LVNG@DF_HEALTH_LVNG(1.0),Risk factors for health,I,FIN,Finland,A,Annual,SP_CFRD,Share of population consuming fruits daily,Y_GE15,15 years or over,_T,Total,PT_POP,Percentage of population,SRVY,Survey,2004,,25.6,,A,Normal value,0,Units,,
DATAFLOW,OECD.ELS.HD:DSD_HEALTH_LVNG@DF_HEALTH_LVNG(1.0),Risk factors for health,I,FIN,Finland,A,Annual,SP_CFRD,Share of population consuming fruits daily,Y_GE15,15 years or over,_T,Total,PT_POP,Percentage of population,SRVY,Survey,2003,,28.2,,A,Normal value,0,Units,,
DATAFLOW,OECD.ELS.HD:DSD_HEALTH_LVNG@DF_HEALTH_LVNG(1.0),Risk factors for health,I,FIN,Finland,A,Annual,SP_CFRD,Share of population consuming fruits daily,Y_GE15,15 years or over,_T,Total,PT_POP,Percentage of population,SRVY,Survey,2002,,25.6,,A,Normal value,0,Units,,
DATAFLOW,OECD.ELS.HD:DSD_HEALTH_LVNG@DF_HEALTH_LVNG(1.0),Risk factors for health,I,FIN,Finland,A,Annual,SP_CFRD,Share of population consuming fruits daily,Y_GE15,15 years or over,_T,Total,PT_POP,Percentage of population,SRVY,Survey,2001,,27,,A,Normal value,0,Units,,
DATAFLOW,OECD.ELS.HD:DSD_HEALTH_LVNG@DF_HEALTH_LVNG(1.0),Risk factors for health,I,FIN,Finland,A,Annual,SP_CFRD,Share of population consuming fruits daily,Y_GE15,15 years or over,_T,Total,PT_POP,Percentage of population,SRVY,Survey,2000,,28,,A,Normal value,0,Units,,
DATAFLOW,OECD.ELS.HD:DSD_HEALTH_LVNG@DF_HEALTH_LVNG(1.0),Risk factors for health,I,FIN,Finland,A,Annual,SP_CFRD,Share of population consuming fruits daily,Y_GE15,15 years or over,_T,Total,PT_POP,Percentage of population,SRVY,Survey,1999,,27.1,,A,Normal value,0,Units,,
DATAFLOW,OECD.ELS.HD:DSD_HEALTH_LVNG@DF_HEALTH_LVNG(1.0),Risk factors for health,I,FIN,Finland,A,Annual,SP_CFRD,Share of population consuming fruits daily,Y_GE15,15 years or over,_T,Total,PT_POP,Percentage of population,SRVY,Survey,1998,,25.9,,A,Normal value,0,Units,,
DATAFLOW,OECD.ELS.HD:DSD_HEALTH_LVNG@DF_HEALTH_LVNG(1.0),Risk factors for health,I,FIN,Finland,A,Annual,SP_CFRD,Share of population consuming fruits daily,Y_GE15,15 years or over,_T,Total,PT_POP,Percentage of population,SRVY,Survey,2022,,35,,A,Normal value,0,Units,,
DATAFLOW,OECD.ELS.HD:DSD_HEALTH_LVNG@DF_HEALTH_LVNG(1.0),Risk factors for health,I,FIN,Finland,A,Annual,SP_CFRD,Share of population consuming fruits daily,Y_GE15,15 years or over,_T,Total,PT_POP,Percentage of population,SRVY,Survey,2020,,41,,A,Normal value,0,Units,,
DATAFLOW,OECD.ELS.HD:DSD_HEALTH_LVNG@DF_HEALTH_LVNG(1.0),Risk factors for health,I,FIN,Finland,A,Annual,SP_CFRD,Share of population consuming fruits daily,Y_GE15,15 years or over,_T,Total,PT_POP,Percentage of population,SRVY,Survey,2019,,42,,A,Normal value,0,Units,,
DATAFLOW,OECD.ELS.HD:DSD_HEALTH_LVNG@DF_HEALTH_LVNG(1.0),Risk factors for health,I,FIN,Finland,A,Annual,SP_CFRD,Share of population consuming fruits daily,Y_GE15,15 years or over,_T,Total,PT_POP,Percentage of population,SRVY,Survey,2018,,40,,A,Normal value,0,Units,,
DATAFLOW,OECD.ELS.HD:DSD_HEALTH_LVNG@DF_HEALTH_LVNG(1.0),Risk factors for health,I,FIN,Finland,A,Annual,SP_CFRD,Share of population consuming fruits daily,Y_GE15,15 years or over,_T,Total,PT_POP,Percentage of population,SRVY,Survey,2017,,30,,D,Definition differs,0,Units,,
DATAFLOW,OECD.ELS.HD:DSD_HEALTH_LVNG@DF_HEALTH_LVNG(1.0),Risk factors for health,I,FIN,Finland,A,Annual,SP_CFRD,Share of population consuming fruits daily,Y_GE15,15 years or over,_T,Total,PT_POP,Percentage of population,SRVY,Survey,2016,,31,,D,Definition differs,0,Units,,
DATAFLOW,OECD.ELS.HD:DSD_HEALTH_LVNG@DF_HEALTH_LVNG(1.0),Risk factors for health,I,FIN,Finland,A,Annual,SP_CFRD,Share of population consuming fruits daily,Y_GE15,15 years or over,_T,Total,PT_POP,Percentage of population,SRVY,Survey,2015,,32.3,,A,Normal value,0,Units,,
DATAFLOW,OECD.ELS.HD:DSD_HEALTH_LVNG@DF_HEALTH_LVNG(1.0),Risk factors for health,I,FIN,Finland,A,Annual,SP_CFRD,Share of population consuming fruits daily,Y_GE15,15 years or over,_T,Total,PT_POP,Percentage of population,SRVY,Survey,2014,,31.7,,A,Normal value,0,Units,,
DATAFLOW,OECD.ELS.HD:DSD_HEALTH_LVNG@DF_HEALTH_LVNG(1.0),Risk factors for health,I,FIN,Finland,A,Annual,SP_CFRD,Share of population consuming fruits daily,Y_GE15,15 years or over,_T,Total,PT_POP,Percentage of population,SRVY,Survey,2013,,30.6,,A,Normal value,0,Units,,
DATAFLOW,OECD.ELS.HD:DSD_HEALTH_LVNG@DF_HEALTH_LVNG(1.0),Risk factors for health,I,FIN,Finland,A,Annual,SP_CFRD,Share of population consuming fruits daily,Y_GE15,15 years or over,_T,Total,PT_POP,Percentage of population,SRVY,Survey,2012,,30.3,,A,Normal value,0,Units,,
DATAFLOW,OECD.ELS.HD:DSD_HEALTH_LVNG@DF_HEALTH_LVNG(1.0),Risk factors for health,I,FIN,Finland,A,Annual,SP_CFRD,Share of population consuming fruits daily,Y_GE15,15 years or over,_T,Total,PT_POP,Percentage of population,SRVY,Survey,2011,,31.5,,A,Normal value,0,Units,,
DATAFLOW,OECD.ELS.HD:DSD_HEALTH_LVNG@DF_HEALTH_LVNG(1.0),Risk factors for health,I,FIN,Finland,A,Annual,SP_CFRD,Share of population consuming fruits daily,Y_GE15,15 years or over,_T,Total,PT_POP,Percentage of population,SRVY,Survey,2010,,31.5,,A,Normal value,0,Units,,
DATAFLOW,OECD.ELS.HD:DSD_HEALTH_LVNG@DF_HEALTH_LVNG(1.0),Risk factors for health,I,FIN,Finland,A,Annual,SP_CFRD,Share of population consuming fruits daily,Y_GE15,15 years or over,_T,Total,PT_POP,Percentage of population,SRVY,Survey,2009,,32.4,,A,Normal value,0,Units,,
DATAFLOW,OECD.ELS.HD:DSD_HEALTH_LVNG@DF_HEALTH_LVNG(1.0),Risk factors for health,I,FIN,Finland,A,Annual,SP_CFRD,Share of population consuming fruits daily,Y_GE15,15 years or over,_T,Total,PT_POP,Percentage of population,SRVY,Survey,2008,,30.9,,A,Normal value,0,Units,,
DATAFLOW,OECD.ELS.HD:DSD_HEALTH_LVNG@DF_HEALTH_LVNG(1.0),Risk factors for health,I,FRA,France,A,Annual,SP_CFRD,Share of population consuming fruits daily,Y_GE15,15 years or over,_T,Total,PT_POP,Percentage of population,SRVY,Survey,2012,,49.7,,B,Time series break,0,Units,,
DATAFLOW,OECD.ELS.HD:DSD_HEALTH_LVNG@DF_HEALTH_LVNG(1.0),Risk factors for health,I,FRA,France,A,Annual,SP_CFRD,Share of population consuming fruits daily,Y_GE15,15 years or over,_T,Total,PT_POP,Percentage of population,SRVY,Survey,2019,,58.9,,A,Normal value,0,Units,,
DATAFLOW,OECD.ELS.HD:DSD_HEALTH_LVNG@DF_HEALTH_LVNG(1.0),Risk factors for health,I,DEU,Germany,A,Annual,SP_CFRD,Share of population consuming fruits daily,Y_GE15,15 years or over,_T,Total,PT_POP,Percentage of population,SRVY,Survey,2009,,62.3,,A,Normal value,0,Units,,
DATAFLOW,OECD.ELS.HD:DSD_HEALTH_LVNG@DF_HEALTH_LVNG(1.0),Risk factors for health,I,DEU,Germany,A,Annual,SP_CFRD,Share of population consuming fruits daily,Y_GE15,15 years or over,_T,Total,PT_POP,Percentage of population,SRVY,Survey,2019,,55.8,,A,Normal value,0,Units,,
DATAFLOW,OECD.ELS.HD:DSD_HEALTH_LVNG@DF_HEALTH_LVNG(1.0),Risk factors for health,I,DEU,Germany,A,Annual,SP_CFRD,Share of population consuming fruits daily,Y_GE15,15 years or over,_T,Total,PT_POP,Percentage of population,SRVY,Survey,2014,,47.3,,A,Normal value,0,Units,,
DATAFLOW,OECD.ELS.HD:DSD_HEALTH_LVNG@DF_HEALTH_LVNG(1.0),Risk factors for health,I,DEU,Germany,A,Annual,SP_CFRD,Share of population consuming fruits daily,Y_GE15,15 years or over,_T,Total,PT_POP,Percentage of population,SRVY,Survey,2012,,59.1,,A,Normal value,0,Units,,
DATAFLOW,OECD.ELS.HD:DSD_HEALTH_LVNG@DF_HEALTH_LVNG(1.0),Risk factors for health,I,GRC,Greece,A,Annual,SP_CFRD,Share of population consuming fruits daily,Y_GE15,15 years or over,_T,Total,PT_POP,Percentage of population,SRVY,Survey,2009,,60.7,,A,Normal value,0,Units,,
DATAFLOW,OECD.ELS.HD:DSD_HEALTH_LVNG@DF_HEALTH_LVNG(1.0),Risk factors for health,I,GRC,Greece,A,Annual,SP_CFRD,Share of population consuming fruits daily,Y_GE15,15 years or over,_T,Total,PT_POP,Percentage of population,SRVY,Survey,2019,,49.2,,A,Normal value,0,Units,,
DATAFLOW,OECD.ELS.HD:DSD_HEALTH_LVNG@DF_HEALTH_LVNG(1.0),Risk factors for health,I,HUN,Hungary,A,Annual,SP_CFRD,Share of population consuming fruits daily,Y_GE15,15 years or over,_T,Total,PT_POP,Percentage of population,SRVY,Survey,2009,,68.3,,A,Normal value,0,Units,,
DATAFLOW,OECD.ELS.HD:DSD_HEALTH_LVNG@DF_HEALTH_LVNG(1.0),Risk factors for health,I,HUN,Hungary,A,Annual,SP_CFRD,Share of population consuming fruits daily,Y_GE15,15 years or over,_T,Total,PT_POP,Percentage of population,SRVY,Survey,2019,,55.4,,A,Normal value,0,Units,,
DATAFLOW,OECD.ELS.HD:DSD_HEALTH_LVNG@DF_HEALTH_LVNG(1.0),Risk factors for health,I,ISL,Iceland,A,Annual,SP_CFRD,Share of population consuming fruits daily,Y_GE15,15 years or over,_T,Total,PT_POP,Percentage of population,SRVY,Survey,2020,,44.7,,D,Definition differs,0,Units,,
DATAFLOW,OECD.ELS.HD:DSD_HEALTH_LVNG@DF_HEALTH_LVNG(1.0),Risk factors for health,I,ISL,Iceland,A,Annual,SP_CFRD,Share of population consuming fruits daily,Y_GE15,15 years or over,_T,Total,PT_POP,Percentage of population,SRVY,Survey,2019,,49,,D,Definition differs,0,Units,,
DATAFLOW,OECD.ELS.HD:DSD_HEALTH_LVNG@DF_HEALTH_LVNG(1.0),Risk factors for health,I,ISL,Iceland,A,Annual,SP_CFRD,Share of population consuming fruits daily,Y_GE15,15 years or over,_T,Total,PT_POP,Percentage of population,SRVY,Survey,2018,,48.7,,D,Definition differs,0,Units,,
DATAFLOW,OECD.ELS.HD:DSD_HEALTH_LVNG@DF_HEALTH_LVNG(1.0),Risk factors for health,I,ISL,Iceland,A,Annual,SP_CFRD,Share of population consuming fruits daily,Y_GE15,15 years or over,_T,Total,PT_POP,Percentage of population,SRVY,Survey,2017,,52.5,,D,Definition differs,0,Units,,
DATAFLOW,OECD.ELS.HD:DSD_HEALTH_LVNG@DF_HEALTH_LVNG(1.0),Risk factors for health,I,ISL,Iceland,A,Annual,SP_CFRD,Share of population consuming fruits daily,Y_GE15,15 years or over,_T,Total,PT_POP,Percentage of population,SRVY,Survey,2016,,51.8,,D,Definition differs,0,Units,,
DATAFLOW,OECD.ELS.HD:DSD_HEALTH_LVNG@DF_HEALTH_LVNG(1.0),Risk factors for health,I,ISL,Iceland,A,Annual,SP_CFRD,Share of population consuming fruits daily,Y_GE15,15 years or over,_T,Total,PT_POP,Percentage of population,SRVY,Survey,2015,,53.2,,D,Definition differs,0,Units,,
DATAFLOW,OECD.ELS.HD:DSD_HEALTH_LVNG@DF_HEALTH_LVNG(1.0),Risk factors for health,I,ISL,Iceland,A,Annual,SP_CFRD,Share of population consuming fruits daily,Y_GE15,15 years or over,_T,Total,PT_POP,Percentage of population,SRVY,Survey,2014,,46.3,,A,Normal value,0,Units,,
DATAFLOW,OECD.ELS.HD:DSD_HEALTH_LVNG@DF_HEALTH_LVNG(1.0),Risk factors for health,I,ISL,Iceland,A,Annual,SP_CFRD,Share of population consuming fruits daily,Y_GE15,15 years or over,_T,Total,PT_POP,Percentage of population,SRVY,Survey,2010,,44.1,,A,Normal value,0,Units,,
DATAFLOW,OECD.ELS.HD:DSD_HEALTH_LVNG@DF_HEALTH_LVNG(1.0),Risk factors for health,I,ISL,Iceland,A,Annual,SP_CFRD,Share of population consuming fruits daily,Y_GE15,15 years or over,_T,Total,PT_POP,Percentage of population,SRVY,Survey,2002,,42.4,,A,Normal value,0,Units,,
DATAFLOW,OECD.ELS.HD:DSD_HEALTH_LVNG@DF_HEALTH_LVNG(1.0),Risk factors for health,I,ISL,Iceland,A,Annual,SP_CFRD,Share of population consuming fruits daily,Y_GE15,15 years or over,_T,Total,PT_POP,Percentage of population,SRVY,Survey,2023,,45.9,,D,Definition differs,0,Units,,
DATAFLOW,OECD.ELS.HD:DSD_HEALTH_LVNG@DF_HEALTH_LVNG(1.0),Risk factors for health,I,ISL,Iceland,A,Annual,SP_CFRD,Share of population consuming fruits daily,Y_GE15,15 years or over,_T,Total,PT_POP,Percentage of population,SRVY,Survey,2022,,45.5,,D,Definition differs,0,Units,,
DATAFLOW,OECD.ELS.HD:DSD_HEALTH_LVNG@DF_HEALTH_LVNG(1.0),Risk factors for health,I,IRL,Ireland,A,Annual,SP_CFRD,Share of population consuming fruits daily,Y_GE15,15 years or over,_T,Total,PT_POP,Percentage of population,SRVY,Survey,2015,,54,,B,Time series break,0,Units,,
DATAFLOW,OECD.ELS.HD:DSD_HEALTH_LVNG@DF_HEALTH_LVNG(1.0),Risk factors for health,I,IRL,Ireland,A,Annual,SP_CFRD,Share of population consuming fruits daily,Y_GE15,15 years or over,_T,Total,PT_POP,Percentage of population,SRVY,Survey,2021,,65,,A,Normal value,0,Units,,
DATAFLOW,OECD.ELS.HD:DSD_HEALTH_LVNG@DF_HEALTH_LVNG(1.0),Risk factors for health,I,IRL,Ireland,A,Annual,SP_CFRD,Share of population consuming fruits daily,Y_GE15,15 years or over,_T,Total,PT_POP,Percentage of population,SRVY,Survey,2018,,73,,A,Normal value,0,Units,,
DATAFLOW,OECD.ELS.HD:DSD_HEALTH_LVNG@DF_HEALTH_LVNG(1.0),Risk factors for health,I,IRL,Ireland,A,Annual,SP_CFRD,Share of population consuming fruits daily,Y_GE15,15 years or over,_T,Total,PT_POP,Percentage of population,SRVY,Survey,2017,,62,,D,Definition differs,0,Units,,
DATAFLOW,OECD.ELS.HD:DSD_HEALTH_LVNG@DF_HEALTH_LVNG(1.0),Risk factors for health,I,ISR,Israel,A,Annual,SP_CFRD,Share of population consuming fruits daily,Y_GE15,15 years or over,_T,Total,PT_POP,Percentage of population,SRVY,Survey,1999,,50.3,,A,Normal value,0,Units,,
DATAFLOW,OECD.ELS.HD:DSD_HEALTH_LVNG@DF_HEALTH_LVNG(1.0),Risk factors for health,I,ISR,Israel,A,Annual,SP_CFRD,Share of population consuming fruits daily,Y_GE15,15 years or over,_T,Total,PT_POP,Percentage of population,SRVY,Survey,2023,,70.1,,D,Definition differs,0,Units,,
DATAFLOW,OECD.ELS.HD:DSD_HEALTH_LVNG@DF_HEALTH_LVNG(1.0),Risk factors for health,I,ISR,Israel,A,Annual,SP_CFRD,Share of population consuming fruits daily,Y_GE15,15 years or over,_T,Total,PT_POP,Percentage of population,SRVY,Survey,2019,,71.6,,D,Definition differs,0,Units,,
DATAFLOW,OECD.ELS.HD:DSD_HEALTH_LVNG@DF_HEALTH_LVNG(1.0),Risk factors for health,I,ISR,Israel,A,Annual,SP_CFRD,Share of population consuming fruits daily,Y_GE15,15 years or over,_T,Total,PT_POP,Percentage of population,SRVY,Survey,2017,,64.3,,A,Normal value,0,Units,,
DATAFLOW,OECD.ELS.HD:DSD_HEALTH_LVNG@DF_HEALTH_LVNG(1.0),Risk factors for health,I,ISR,Israel,A,Annual,SP_CFRD,Share of population consuming fruits daily,Y_GE15,15 years or over,_T,Total,PT_POP,Percentage of population,SRVY,Survey,2016,,69.6,,A,Normal value,0,Units,,
DATAFLOW,OECD.ELS.HD:DSD_HEALTH_LVNG@DF_HEALTH_LVNG(1.0),Risk factors for health,I,ISR,Israel,A,Annual,SP_CFRD,Share of population consuming fruits daily,Y_GE15,15 years or over,_T,Total,PT_POP,Percentage of population,SRVY,Survey,2014,,71.8,,D,Definition differs,0,Units,,
DATAFLOW,OECD.ELS.HD:DSD_HEALTH_LVNG@DF_HEALTH_LVNG(1.0),Risk factors for health,I,ITA,Italy,A,Annual,SP_CFRD,Share of population consuming fruits daily,Y_GE15,15 years or over,_T,Total,PT_POP,Percentage of population,SRVY,Survey,2005,,77.9,,A,Normal value,0,Units,,
DATAFLOW,OECD.ELS.HD:DSD_HEALTH_LVNG@DF_HEALTH_LVNG(1.0),Risk factors for health,I,ITA,Italy,A,Annual,SP_CFRD,Share of population consuming fruits daily,Y_GE15,15 years or over,_T,Total,PT_POP,Percentage of population,SRVY,Survey,2003,,77.4,,A,Normal value,0,Units,,
DATAFLOW,OECD.ELS.HD:DSD_HEALTH_LVNG@DF_HEALTH_LVNG(1.0),Risk factors for health,I,ITA,Italy,A,Annual,SP_CFRD,Share of population consuming fruits daily,Y_GE15,15 years or over,_T,Total,PT_POP,Percentage of population,SRVY,Survey,2002,,78.6,,A,Normal value,0,Units,,
DATAFLOW,OECD.ELS.HD:DSD_HEALTH_LVNG@DF_HEALTH_LVNG(1.0),Risk factors for health,I,ITA,Italy,A,Annual,SP_CFRD,Share of population consuming fruits daily,Y_GE15,15 years or over,_T,Total,PT_POP,Percentage of population,SRVY,Survey,2001,,79,,A,Normal value,0,Units,,
DATAFLOW,OECD.ELS.HD:DSD_HEALTH_LVNG@DF_HEALTH_LVNG(1.0),Risk factors for health,I,ITA,Italy,A,Annual,SP_CFRD,Share of population consuming fruits daily,Y_GE15,15 years or over,_T,Total,PT_POP,Percentage of population,SRVY,Survey,2000,,77.3,,A,Normal value,0,Units,,
DATAFLOW,OECD.ELS.HD:DSD_HEALTH_LVNG@DF_HEALTH_LVNG(1.0),Risk factors for health,I,ITA,Italy,A,Annual,SP_CFRD,Share of population consuming fruits daily,Y_GE15,15 years or over,_T,Total,PT_POP,Percentage of population,SRVY,Survey,1999,,76.9,,A,Normal value,0,Units,,
DATAFLOW,OECD.ELS.HD:DSD_HEALTH_LVNG@DF_HEALTH_LVNG(1.0),Risk factors for health,I,ITA,Italy,A,Annual,SP_CFRD,Share of population consuming fruits daily,Y_GE15,15 years or over,_T,Total,PT_POP,Percentage of population,SRVY,Survey,1998,,80.2,,A,Normal value,0,Units,,
DATAFLOW,OECD.ELS.HD:DSD_HEALTH_LVNG@DF_HEALTH_LVNG(1.0),Risk factors for health,I,ITA,Italy,A,Annual,SP_CFRD,Share of population consuming fruits daily,Y_GE15,15 years or over,_T,Total,PT_POP,Percentage of population,SRVY,Survey,1997,,80.4,,A,Normal value,0,Units,,
DATAFLOW,OECD.ELS.HD:DSD_HEALTH_LVNG@DF_HEALTH_LVNG(1.0),Risk factors for health,I,ITA,Italy,A,Annual,SP_CFRD,Share of population consuming fruits daily,Y_GE15,15 years or over,_T,Total,PT_POP,Percentage of population,SRVY,Survey,1995,,82.3,,A,Normal value,0,Units,,
DATAFLOW,OECD.ELS.HD:DSD_HEALTH_LVNG@DF_HEALTH_LVNG(1.0),Risk factors for health,I,ITA,Italy,A,Annual,SP_CFRD,Share of population consuming fruits daily,Y_GE15,15 years or over,_T,Total,PT_POP,Percentage of population,SRVY,Survey,2022,,73.7,,A,Normal value,0,Units,,
DATAFLOW,OECD.ELS.HD:DSD_HEALTH_LVNG@DF_HEALTH_LVNG(1.0),Risk factors for health,I,ITA,Italy,A,Annual,SP_CFRD,Share of population consuming fruits daily,Y_GE15,15 years or over,_T,Total,PT_POP,Percentage of population,SRVY,Survey,2021,,73.6,,A,Normal value,0,Units,,
DATAFLOW,OECD.ELS.HD:DSD_HEALTH_LVNG@DF_HEALTH_LVNG(1.0),Risk factors for health,I,ITA,Italy,A,Annual,SP_CFRD,Share of population consuming fruits daily,Y_GE15,15 years or over,_T,Total,PT_POP,Percentage of population,SRVY,Survey,2020,,75.9,,A,Normal value,0,Units,,
DATAFLOW,OECD.ELS.HD:DSD_HEALTH_LVNG@DF_HEALTH_LVNG(1.0),Risk factors for health,I,ITA,Italy,A,Annual,SP_CFRD,Share of population consuming fruits daily,Y_GE15,15 years or over,_T,Total,PT_POP,Percentage of population,SRVY,Survey,2019,,74.7,,A,Normal value,0,Units,,
DATAFLOW,OECD.ELS.HD:DSD_HEALTH_LVNG@DF_HEALTH_LVNG(1.0),Risk factors for health,I,ITA,Italy,A,Annual,SP_CFRD,Share of population consuming fruits daily,Y_GE15,15 years or over,_T,Total,PT_POP,Percentage of population,SRVY,Survey,2018,,76.4,,A,Normal value,0,Units,,
DATAFLOW,OECD.ELS.HD:DSD_HEALTH_LVNG@DF_HEALTH_LVNG(1.0),Risk factors for health,I,ITA,Italy,A,Annual,SP_CFRD,Share of population consuming fruits daily,Y_GE15,15 years or over,_T,Total,PT_POP,Percentage of population,SRVY,Survey,2017,,75.8,,A,Normal value,0,Units,,
DATAFLOW,OECD.ELS.HD:DSD_HEALTH_LVNG@DF_HEALTH_LVNG(1.0),Risk factors for health,I,ITA,Italy,A,Annual,SP_CFRD,Share of population consuming fruits daily,Y_GE15,15 years or over,_T,Total,PT_POP,Percentage of population,SRVY,Survey,2016,,75.3,,A,Normal value,0,Units,,
DATAFLOW,OECD.ELS.HD:DSD_HEALTH_LVNG@DF_HEALTH_LVNG(1.0),Risk factors for health,I,ITA,Italy,A,Annual,SP_CFRD,Share of population consuming fruits daily,Y_GE15,15 years or over,_T,Total,PT_POP,Percentage of population,SRVY,Survey,2015,,76.2,,A,Normal value,0,Units,,
DATAFLOW,OECD.ELS.HD:DSD_HEALTH_LVNG@DF_HEALTH_LVNG(1.0),Risk factors for health,I,ITA,Italy,A,Annual,SP_CFRD,Share of population consuming fruits daily,Y_GE15,15 years or over,_T,Total,PT_POP,Percentage of population,SRVY,Survey,2014,,74.3,,A,Normal value,0,Units,,
DATAFLOW,OECD.ELS.HD:DSD_HEALTH_LVNG@DF_HEALTH_LVNG(1.0),Risk factors for health,I,ITA,Italy,A,Annual,SP_CFRD,Share of population consuming fruits daily,Y_GE15,15 years or over,_T,Total,PT_POP,Percentage of population,SRVY,Survey,2013,,75.1,,A,Normal value,0,Units,,
DATAFLOW,OECD.ELS.HD:DSD_HEALTH_LVNG@DF_HEALTH_LVNG(1.0),Risk factors for health,I,ITA,Italy,A,Annual,SP_CFRD,Share of population consuming fruits daily,Y_GE15,15 years or over,_T,Total,PT_POP,Percentage of population,SRVY,Survey,2012,,75.9,,A,Normal value,0,Units,,
DATAFLOW,OECD.ELS.HD:DSD_HEALTH_LVNG@DF_HEALTH_LVNG(1.0),Risk factors for health,I,ITA,Italy,A,Annual,SP_CFRD,Share of population consuming fruits daily,Y_GE15,15 years or over,_T,Total,PT_POP,Percentage of population,SRVY,Survey,2011,,77.1,,A,Normal value,0,Units,,
DATAFLOW,OECD.ELS.HD:DSD_HEALTH_LVNG@DF_HEALTH_LVNG(1.0),Risk factors for health,I,ITA,Italy,A,Annual,SP_CFRD,Share of population consuming fruits daily,Y_GE15,15 years or over,_T,Total,PT_POP,Percentage of population,SRVY,Survey,2010,,77.1,,A,Normal value,0,Units,,
DATAFLOW,OECD.ELS.HD:DSD_HEALTH_LVNG@DF_HEALTH_LVNG(1.0),Risk factors for health,I,ITA,Italy,A,Annual,SP_CFRD,Share of population consuming fruits daily,Y_GE15,15 years or over,_T,Total,PT_POP,Percentage of population,SRVY,Survey,2009,,76.2,,A,Normal value,0,Units,,
DATAFLOW,OECD.ELS.HD:DSD_HEALTH_LVNG@DF_HEALTH_LVNG(1.0),Risk factors for health,I,ITA,Italy,A,Annual,SP_CFRD,Share of population consuming fruits daily,Y_GE15,15 years or over,_T,Total,PT_POP,Percentage of population,SRVY,Survey,2008,,77.4,,A,Normal value,0,Units,,
DATAFLOW,OECD.ELS.HD:DSD_HEALTH_LVNG@DF_HEALTH_LVNG(1.0),Risk factors for health,I,ITA,Italy,A,Annual,SP_CFRD,Share of population consuming fruits daily,Y_GE15,15 years or over,_T,Total,PT_POP,Percentage of population,SRVY,Survey,2007,,77.5,,A,Normal value,0,Units,,
DATAFLOW,OECD.ELS.HD:DSD_HEALTH_LVNG@DF_HEALTH_LVNG(1.0),Risk factors for health,I,KOR,Korea,A,Annual,SP_CFRD,Share of population consuming fruits daily,Y_GE15,15 years or over,_T,Total,PT_POP,Percentage of population,SRVY,Survey,2016,,69.6,,A,Normal value,0,Units,,
DATAFLOW,OECD.ELS.HD:DSD_HEALTH_LVNG@DF_HEALTH_LVNG(1.0),Risk factors for health,I,KOR,Korea,A,Annual,SP_CFRD,Share of population consuming fruits daily,Y_GE15,15 years or over,_T,Total,PT_POP,Percentage of population,SRVY,Survey,2015,,66.4,,A,Normal value,0,Units,,
DATAFLOW,OECD.ELS.HD:DSD_HEALTH_LVNG@DF_HEALTH_LVNG(1.0),Risk factors for health,I,KOR,Korea,A,Annual,SP_CFRD,Share of population consuming fruits daily,Y_GE15,15 years or over,_T,Total,PT_POP,Percentage of population,SRVY,Survey,2014,,65.9,,A,Normal value,0,Units,,
DATAFLOW,OECD.ELS.HD:DSD_HEALTH_LVNG@DF_HEALTH_LVNG(1.0),Risk factors for health,I,KOR,Korea,A,Annual,SP_CFRD,Share of population consuming fruits daily,Y_GE15,15 years or over,_T,Total,PT_POP,Percentage of population,SRVY,Survey,2013,,62.8,,A,Normal value,0,Units,,
DATAFLOW,OECD.ELS.HD:DSD_HEALTH_LVNG@DF_HEALTH_LVNG(1.0),Risk factors for health,I,KOR,Korea,A,Annual,SP_CFRD,Share of population consuming fruits daily,Y_GE15,15 years or over,_T,Total,PT_POP,Percentage of population,SRVY,Survey,2012,,62.1,,A,Normal value,0,Units,,
DATAFLOW,OECD.ELS.HD:DSD_HEALTH_LVNG@DF_HEALTH_LVNG(1.0),Risk factors for health,I,KOR,Korea,A,Annual,SP_CFRD,Share of population consuming fruits daily,Y_GE15,15 years or over,_T,Total,PT_POP,Percentage of population,SRVY,Survey,2011,,60.4,,A,Normal value,0,Units,,
DATAFLOW,OECD.ELS.HD:DSD_HEALTH_LVNG@DF_HEALTH_LVNG(1.0),Risk factors for health,I,KOR,Korea,A,Annual,SP_CFRD,Share of population consuming fruits daily,Y_GE15,15 years or over,_T,Total,PT_POP,Percentage of population,SRVY,Survey,2010,,60.9,,A,Normal value,0,Units,,
DATAFLOW,OECD.ELS.HD:DSD_HEALTH_LVNG@DF_HEALTH_LVNG(1.0),Risk factors for health,I,KOR,Korea,A,Annual,SP_CFRD,Share of population consuming fruits daily,Y_GE15,15 years or over,_T,Total,PT_POP,Percentage of population,SRVY,Survey,2009,,52,,A,Normal value,0,Units,,
DATAFLOW,OECD.ELS.HD:DSD_HEALTH_LVNG@DF_HEALTH_LVNG(1.0),Risk factors for health,I,KOR,Korea,A,Annual,SP_CFRD,Share of population consuming fruits daily,Y_GE15,15 years or over,_T,Total,PT_POP,Percentage of population,SRVY,Survey,2008,,50.1,,A,Normal value,0,Units,,
DATAFLOW,OECD.ELS.HD:DSD_HEALTH_LVNG@DF_HEALTH_LVNG(1.0),Risk factors for health,I,KOR,Korea,A,Annual,SP_CFRD,Share of population consuming fruits daily,Y_GE15,15 years or over,_T,Total,PT_POP,Percentage of population,SRVY,Survey,2022,,61.7,,A,Normal value,0,Units,,
DATAFLOW,OECD.ELS.HD:DSD_HEALTH_LVNG@DF_HEALTH_LVNG(1.0),Risk factors for health,I,KOR,Korea,A,Annual,SP_CFRD,Share of population consuming fruits daily,Y_GE15,15 years or over,_T,Total,PT_POP,Percentage of population,SRVY,Survey,2021,,59.8,,A,Normal value,0,Units,,
DATAFLOW,OECD.ELS.HD:DSD_HEALTH_LVNG@DF_HEALTH_LVNG(1.0),Risk factors for health,I,KOR,Korea,A,Annual,SP_CFRD,Share of population consuming fruits daily,Y_GE15,15 years or over,_T,Total,PT_POP,Percentage of population,SRVY,Survey,2020,,59.7,,A,Normal value,0,Units,,
DATAFLOW,OECD.ELS.HD:DSD_HEALTH_LVNG@DF_HEALTH_LVNG(1.0),Risk factors for health,I,KOR,Korea,A,Annual,SP_CFRD,Share of population consuming fruits daily,Y_GE15,15 years or over,_T,Total,PT_POP,Percentage of population,SRVY,Survey,2019,,63.6,,A,Normal value,0,Units,,
DATAFLOW,OECD.ELS.HD:DSD_HEALTH_LVNG@DF_HEALTH_LVNG(1.0),Risk factors for health,I,KOR,Korea,A,Annual,SP_CFRD,Share of population consuming fruits daily,Y_GE15,15 years or over,_T,Total,PT_POP,Percentage of population,SRVY,Survey,2018,,64,,A,Normal value,0,Units,,
DATAFLOW,OECD.ELS.HD:DSD_HEALTH_LVNG@DF_HEALTH_LVNG(1.0),Risk factors for health,I,LVA,Latvia,A,Annual,SP_CFRD,Share of population consuming fruits daily,Y_GE15,15 years or over,_T,Total,PT_POP,Percentage of population,SRVY,Survey,2014,,20.2,,A,Normal value,0,Units,,
DATAFLOW,OECD.ELS.HD:DSD_HEALTH_LVNG@DF_HEALTH_LVNG(1.0),Risk factors for health,I,LVA,Latvia,A,Annual,SP_CFRD,Share of population consuming fruits daily,Y_GE15,15 years or over,_T,Total,PT_POP,Percentage of population,SRVY,Survey,2012,,18.7,,A,Normal value,0,Units,,
DATAFLOW,OECD.ELS.HD:DSD_HEALTH_LVNG@DF_HEALTH_LVNG(1.0),Risk factors for health,I,LVA,Latvia,A,Annual,SP_CFRD,Share of population consuming fruits daily,Y_GE15,15 years or over,_T,Total,PT_POP,Percentage of population,SRVY,Survey,2010,,21.5,,A,Normal value,0,Units,,
DATAFLOW,OECD.ELS.HD:DSD_HEALTH_LVNG@DF_HEALTH_LVNG(1.0),Risk factors for health,I,LVA,Latvia,A,Annual,SP_CFRD,Share of population consuming fruits daily,Y_GE15,15 years or over,_T,Total,PT_POP,Percentage of population,SRVY,Survey,2008,,21.8,,A,Normal value,0,Units,,
DATAFLOW,OECD.ELS.HD:DSD_HEALTH_LVNG@DF_HEALTH_LVNG(1.0),Risk factors for health,I,LVA,Latvia,A,Annual,SP_CFRD,Share of population consuming fruits daily,Y_GE15,15 years or over,_T,Total,PT_POP,Percentage of population,SRVY,Survey,2006,,31.1,,A,Normal value,0,Units,,
DATAFLOW,OECD.ELS.HD:DSD_HEALTH_LVNG@DF_HEALTH_LVNG(1.0),Risk factors for health,I,LVA,Latvia,A,Annual,SP_CFRD,Share of population consuming fruits daily,Y_GE15,15 years or over,_T,Total,PT_POP,Percentage of population,SRVY,Survey,2004,,15.7,,A,Normal value,0,Units,,
DATAFLOW,OECD.ELS.HD:DSD_HEALTH_LVNG@DF_HEALTH_LVNG(1.0),Risk factors for health,I,LVA,Latvia,A,Annual,SP_CFRD,Share of population consuming fruits daily,Y_GE15,15 years or over,_T,Total,PT_POP,Percentage of population,SRVY,Survey,2002,,15.3,,A,Normal value,0,Units,,
DATAFLOW,OECD.ELS.HD:DSD_HEALTH_LVNG@DF_HEALTH_LVNG(1.0),Risk factors for health,I,LVA,Latvia,A,Annual,SP_CFRD,Share of population consuming fruits daily,Y_GE15,15 years or over,_T,Total,PT_POP,Percentage of population,SRVY,Survey,2000,,18.1,,A,Normal value,0,Units,,
DATAFLOW,OECD.ELS.HD:DSD_HEALTH_LVNG@DF_HEALTH_LVNG(1.0),Risk factors for health,I,LVA,Latvia,A,Annual,SP_CFRD,Share of population consuming fruits daily,Y_GE15,15 years or over,_T,Total,PT_POP,Percentage of population,SRVY,Survey,1998,,18.1,,A,Normal value,0,Units,,
DATAFLOW,OECD.ELS.HD:DSD_HEALTH_LVNG@DF_HEALTH_LVNG(1.0),Risk factors for health,I,LVA,Latvia,A,Annual,SP_CFRD,Share of population consuming fruits daily,Y_GE15,15 years or over,_T,Total,PT_POP,Percentage of population,SRVY,Survey,2022,,30.6,,A,Normal value,0,Units,,
DATAFLOW,OECD.ELS.HD:DSD_HEALTH_LVNG@DF_HEALTH_LVNG(1.0),Risk factors for health,I,LVA,Latvia,A,Annual,SP_CFRD,Share of population consuming fruits daily,Y_GE15,15 years or over,_T,Total,PT_POP,Percentage of population,SRVY,Survey,2020,,32,,A,Normal value,0,Units,,
DATAFLOW,OECD.ELS.HD:DSD_HEALTH_LVNG@DF_HEALTH_LVNG(1.0),Risk factors for health,I,LVA,Latvia,A,Annual,SP_CFRD,Share of population consuming fruits daily,Y_GE15,15 years or over,_T,Total,PT_POP,Percentage of population,SRVY,Survey,2018,,24.5,,A,Normal value,0,Units,,
DATAFLOW,OECD.ELS.HD:DSD_HEALTH_LVNG@DF_HEALTH_LVNG(1.0),Risk factors for health,I,LTU,Lithuania,A,Annual,SP_CFRD,Share of population consuming fruits daily,Y_GE15,15 years or over,_T,Total,PT_POP,Percentage of population,SRVY,Survey,2014,,47.9,,A,Normal value,0,Units,,
DATAFLOW,OECD.ELS.HD:DSD_HEALTH_LVNG@DF_HEALTH_LVNG(1.0),Risk factors for health,I,LUX,Luxembourg,A,Annual,SP_CFRD,Share of population consuming fruits daily,Y_GE15,15 years or over,_T,Total,PT_POP,Percentage of population,SRVY,Survey,2014,,49.8,,A,Normal value,0,Units,,
DATAFLOW,OECD.ELS.HD:DSD_HEALTH_LVNG@DF_HEALTH_LVNG(1.0),Risk factors for health,I,MEX,Mexico,A,Annual,SP_CFRD,Share of population consuming fruits daily,Y_GE15,15 years or over,_T,Total,PT_POP,Percentage of population,SRVY,Survey,2006,,44.3,,A,Normal value,0,Units,,
DATAFLOW,OECD.ELS.HD:DSD_HEALTH_LVNG@DF_HEALTH_LVNG(1.0),Risk factors for health,I,MEX,Mexico,A,Annual,SP_CFRD,Share of population consuming fruits daily,Y_GE15,15 years or over,_T,Total,PT_POP,Percentage of population,SRVY,Survey,2020,,50.3,,A,Normal value,0,Units,,
DATAFLOW,OECD.ELS.HD:DSD_HEALTH_LVNG@DF_HEALTH_LVNG(1.0),Risk factors for health,I,NLD,Netherlands,A,Annual,SP_CFRD,Share of population consuming fruits daily,Y_GE15,15 years or over,_T,Total,PT_POP,Percentage of population,SRVY,Survey,2022,,40.2,,A,Normal value,0,Units,,
DATAFLOW,OECD.ELS.HD:DSD_HEALTH_LVNG@DF_HEALTH_LVNG(1.0),Risk factors for health,I,NLD,Netherlands,A,Annual,SP_CFRD,Share of population consuming fruits daily,Y_GE15,15 years or over,_T,Total,PT_POP,Percentage of population,SRVY,Survey,2021,,38.6,,A,Normal value,0,Units,,
DATAFLOW,OECD.ELS.HD:DSD_HEALTH_LVNG@DF_HEALTH_LVNG(1.0),Risk factors for health,I,NLD,Netherlands,A,Annual,SP_CFRD,Share of population consuming fruits daily,Y_GE15,15 years or over,_T,Total,PT_POP,Percentage of population,SRVY,Survey,2020,,42.3,,A,Normal value,0,Units,,
DATAFLOW,OECD.ELS.HD:DSD_HEALTH_LVNG@DF_HEALTH_LVNG(1.0),Risk factors for health,I,NLD,Netherlands,A,Annual,SP_CFRD,Share of population consuming fruits daily,Y_GE15,15 years or over,_T,Total,PT_POP,Percentage of population,SRVY,Survey,2019,,43.7,,A,Normal value,0,Units,,
DATAFLOW,OECD.ELS.HD:DSD_HEALTH_LVNG@DF_HEALTH_LVNG(1.0),Risk factors for health,I,NLD,Netherlands,A,Annual,SP_CFRD,Share of population consuming fruits daily,Y_GE15,15 years or over,_T,Total,PT_POP,Percentage of population,SRVY,Survey,2018,,42.7,,A,Normal value,0,Units,,
DATAFLOW,OECD.ELS.HD:DSD_HEALTH_LVNG@DF_HEALTH_LVNG(1.0),Risk factors for health,I,NLD,Netherlands,A,Annual,SP_CFRD,Share of population consuming fruits daily,Y_GE15,15 years or over,_T,Total,PT_POP,Percentage of population,SRVY,Survey,2017,,44.3,,A,Normal value,0,Units,,
DATAFLOW,OECD.ELS.HD:DSD_HEALTH_LVNG@DF_HEALTH_LVNG(1.0),Risk factors for health,I,NLD,Netherlands,A,Annual,SP_CFRD,Share of population consuming fruits daily,Y_GE15,15 years or over,_T,Total,PT_POP,Percentage of population,SRVY,Survey,2016,,43.1,,A,Normal value,0,Units,,
DATAFLOW,OECD.ELS.HD:DSD_HEALTH_LVNG@DF_HEALTH_LVNG(1.0),Risk factors for health,I,NLD,Netherlands,A,Annual,SP_CFRD,Share of population consuming fruits daily,Y_GE15,15 years or over,_T,Total,PT_POP,Percentage of population,SRVY,Survey,2015,,42.8,,A,Normal value,0,Units,,
DATAFLOW,OECD.ELS.HD:DSD_HEALTH_LVNG@DF_HEALTH_LVNG(1.0),Risk factors for health,I,NZL,New Zealand,A,Annual,SP_CFRD,Share of population consuming fruits daily,Y_GE15,15 years or over,_T,Total,PT_POP,Percentage of population,SRVY,Survey,2017,,79.6,,D,Definition differs,0,Units,,
DATAFLOW,OECD.ELS.HD:DSD_HEALTH_LVNG@DF_HEALTH_LVNG(1.0),Risk factors for health,I,NZL,New Zealand,A,Annual,SP_CFRD,Share of population consuming fruits daily,Y_GE15,15 years or over,_T,Total,PT_POP,Percentage of population,SRVY,Survey,2016,,80.4,,D,Definition differs,0,Units,,
DATAFLOW,OECD.ELS.HD:DSD_HEALTH_LVNG@DF_HEALTH_LVNG(1.0),Risk factors for health,I,NZL,New Zealand,A,Annual,SP_CFRD,Share of population consuming fruits daily,Y_GE15,15 years or over,_T,Total,PT_POP,Percentage of population,SRVY,Survey,2015,,79.7,,D,Definition differs,0,Units,,
DATAFLOW,OECD.ELS.HD:DSD_HEALTH_LVNG@DF_HEALTH_LVNG(1.0),Risk factors for health,I,NZL,New Zealand,A,Annual,SP_CFRD,Share of population consuming fruits daily,Y_GE15,15 years or over,_T,Total,PT_POP,Percentage of population,SRVY,Survey,2014,,80.6,,D,Definition differs,0,Units,,
DATAFLOW,OECD.ELS.HD:DSD_HEALTH_LVNG@DF_HEALTH_LVNG(1.0),Risk factors for health,I,NZL,New Zealand,A,Annual,SP_CFRD,Share of population consuming fruits daily,Y_GE15,15 years or over,_T,Total,PT_POP,Percentage of population,SRVY,Survey,2013,,82.3,,D,Definition differs,0,Units,,
DATAFLOW,OECD.ELS.HD:DSD_HEALTH_LVNG@DF_HEALTH_LVNG(1.0),Risk factors for health,I,NZL,New Zealand,A,Annual,SP_CFRD,Share of population consuming fruits daily,Y_GE15,15 years or over,_T,Total,PT_POP,Percentage of population,SRVY,Survey,2012,,82.1,,D,Definition differs,0,Units,,
DATAFLOW,OECD.ELS.HD:DSD_HEALTH_LVNG@DF_HEALTH_LVNG(1.0),Risk factors for health,I,NZL,New Zealand,A,Annual,SP_CFRD,Share of population consuming fruits daily,Y_GE15,15 years or over,_T,Total,PT_POP,Percentage of population,SRVY,Survey,2009,,82.6,,A,Normal value,0,Units,,
DATAFLOW,OECD.ELS.HD:DSD_HEALTH_LVNG@DF_HEALTH_LVNG(1.0),Risk factors for health,I,NZL,New Zealand,A,Annual,SP_CFRD,Share of population consuming fruits daily,Y_GE15,15 years or over,_T,Total,PT_POP,Percentage of population,SRVY,Survey,2007,,83,,A,Normal value,0,Units,,
DATAFLOW,OECD.ELS.HD:DSD_HEALTH_LVNG@DF_HEALTH_LVNG(1.0),Risk factors for health,I,NZL,New Zealand,A,Annual,SP_CFRD,Share of population consuming fruits daily,Y_GE15,15 years or over,_T,Total,PT_POP,Percentage of population,SRVY,Survey,2003,,81.4,,A,Normal value,0,Units,,
DATAFLOW,OECD.ELS.HD:DSD_HEALTH_LVNG@DF_HEALTH_LVNG(1.0),Risk factors for health,I,NZL,New Zealand,A,Annual,SP_CFRD,Share of population consuming fruits daily,Y_GE15,15 years or over,_T,Total,PT_POP,Percentage of population,SRVY,Survey,2023,,76.5,,D,Definition differs,0,Units,,
DATAFLOW,OECD.ELS.HD:DSD_HEALTH_LVNG@DF_HEALTH_LVNG(1.0),Risk factors for health,I,NZL,New Zealand,A,Annual,SP_CFRD,Share of population consuming fruits daily,Y_GE15,15 years or over,_T,Total,PT_POP,Percentage of population,SRVY,Survey,2022,,78.5,,D,Definition differs,0,Units,,
DATAFLOW,OECD.ELS.HD:DSD_HEALTH_LVNG@DF_HEALTH_LVNG(1.0),Risk factors for health,I,NZL,New Zealand,A,Annual,SP_CFRD,Share of population consuming fruits daily,Y_GE15,15 years or over,_T,Total,PT_POP,Percentage of population,SRVY,Survey,2021,,78.2,,D,Definition differs,0,Units,,
DATAFLOW,OECD.ELS.HD:DSD_HEALTH_LVNG@DF_HEALTH_LVNG(1.0),Risk factors for health,I,NZL,New Zealand,A,Annual,SP_CFRD,Share of population consuming fruits daily,Y_GE15,15 years or over,_T,Total,PT_POP,Percentage of population,SRVY,Survey,2020,,79.5,,D,Definition differs,0,Units,,
DATAFLOW,OECD.ELS.HD:DSD_HEALTH_LVNG@DF_HEALTH_LVNG(1.0),Risk factors for health,I,NZL,New Zealand,A,Annual,SP_CFRD,Share of population consuming fruits daily,Y_GE15,15 years or over,_T,Total,PT_POP,Percentage of population,SRVY,Survey,2019,,78.8,,D,Definition differs,0,Units,,
DATAFLOW,OECD.ELS.HD:DSD_HEALTH_LVNG@DF_HEALTH_LVNG(1.0),Risk factors for health,I,NOR,Norway,A,Annual,SP_CFRD,Share of population consuming fruits daily,Y_GE15,15 years or over,_T,Total,PT_POP,Percentage of population,SRVY,Survey,2005,,61,,D,Definition differs,0,Units,,
DATAFLOW,OECD.ELS.HD:DSD_HEALTH_LVNG@DF_HEALTH_LVNG(1.0),Risk factors for health,I,NOR,Norway,A,Annual,SP_CFRD,Share of population consuming fruits daily,Y_GE15,15 years or over,_T,Total,PT_POP,Percentage of population,SRVY,Survey,2022,,58,,B,Time series break,0,Units,,
DATAFLOW,OECD.ELS.HD:DSD_HEALTH_LVNG@DF_HEALTH_LVNG(1.0),Risk factors for health,I,NOR,Norway,A,Annual,SP_CFRD,Share of population consuming fruits daily,Y_GE15,15 years or over,_T,Total,PT_POP,Percentage of population,SRVY,Survey,2019,,51,,A,Normal value,0,Units,,
DATAFLOW,OECD.ELS.HD:DSD_HEALTH_LVNG@DF_HEALTH_LVNG(1.0),Risk factors for health,I,NOR,Norway,A,Annual,SP_CFRD,Share of population consuming fruits daily,Y_GE15,15 years or over,_T,Total,PT_POP,Percentage of population,SRVY,Survey,2015,,54,,A,Normal value,0,Units,,
DATAFLOW,OECD.ELS.HD:DSD_HEALTH_LVNG@DF_HEALTH_LVNG(1.0),Risk factors for health,I,NOR,Norway,A,Annual,SP_CFRD,Share of population consuming fruits daily,Y_GE15,15 years or over,_T,Total,PT_POP,Percentage of population,SRVY,Survey,2012,,62,,A,Normal value,0,Units,,
DATAFLOW,OECD.ELS.HD:DSD_HEALTH_LVNG@DF_HEALTH_LVNG(1.0),Risk factors for health,I,POL,Poland,A,Annual,SP_CFRD,Share of population consuming fruits daily,Y_GE15,15 years or over,_T,Total,PT_POP,Percentage of population,SRVY,Survey,2009,,61.1,,A,Normal value,0,Units,,
DATAFLOW,OECD.ELS.HD:DSD_HEALTH_LVNG@DF_HEALTH_LVNG(1.0),Risk factors for health,I,POL,Poland,A,Annual,SP_CFRD,Share of population consuming fruits daily,Y_GE15,15 years or over,_T,Total,PT_POP,Percentage of population,SRVY,Survey,2019,,54.4,,A,Normal value,0,Units,,
DATAFLOW,OECD.ELS.HD:DSD_HEALTH_LVNG@DF_HEALTH_LVNG(1.0),Risk factors for health,I,PRT,Portugal,A,Annual,SP_CFRD,Share of population consuming fruits daily,Y_GE15,15 years or over,_T,Total,PT_POP,Percentage of population,SRVY,Survey,2014,,70.9,,D,Definition differs,0,Units,,
DATAFLOW,OECD.ELS.HD:DSD_HEALTH_LVNG@DF_HEALTH_LVNG(1.0),Risk factors for health,I,SVK,Slovak Republic,A,Annual,SP_CFRD,Share of population consuming fruits daily,Y_GE15,15 years or over,_T,Total,PT_POP,Percentage of population,SRVY,Survey,2014,,47.4,,A,Normal value,0,Units,,
DATAFLOW,OECD.ELS.HD:DSD_HEALTH_LVNG@DF_HEALTH_LVNG(1.0),Risk factors for health,I,SVN,Slovenia,A,Annual,SP_CFRD,Share of population consuming fruits daily,Y_GE15,15 years or over,_T,Total,PT_POP,Percentage of population,SRVY,Survey,2014,,60.7,,A,Normal value,0,Units,,
DATAFLOW,OECD.ELS.HD:DSD_HEALTH_LVNG@DF_HEALTH_LVNG(1.0),Risk factors for health,I,ESP,Spain,A,Annual,SP_CFRD,Share of population consuming fruits daily,Y_GE15,15 years or over,_T,Total,PT_POP,Percentage of population,SRVY,Survey,2003,,69.7,,A,Normal value,0,Units,,
DATAFLOW,OECD.ELS.HD:DSD_HEALTH_LVNG@DF_HEALTH_LVNG(1.0),Risk factors for health,I,ESP,Spain,A,Annual,SP_CFRD,Share of population consuming fruits daily,Y_GE15,15 years or over,_T,Total,PT_POP,Percentage of population,SRVY,Survey,2020,,67.7,,A,Normal value,0,Units,,
DATAFLOW,OECD.ELS.HD:DSD_HEALTH_LVNG@DF_HEALTH_LVNG(1.0),Risk factors for health,I,ESP,Spain,A,Annual,SP_CFRD,Share of population consuming fruits daily,Y_GE15,15 years or over,_T,Total,PT_POP,Percentage of population,SRVY,Survey,2017,,64.9,,A,Normal value,0,Units,,
DATAFLOW,OECD.ELS.HD:DSD_HEALTH_LVNG@DF_HEALTH_LVNG(1.0),Risk factors for health,I,ESP,Spain,A,Annual,SP_CFRD,Share of population consuming fruits daily,Y_GE15,15 years or over,_T,Total,PT_POP,Percentage of population,SRVY,Survey,2014,,66.7,,A,Normal value,0,Units,,
DATAFLOW,OECD.ELS.HD:DSD_HEALTH_LVNG@DF_HEALTH_LVNG(1.0),Risk factors for health,I,ESP,Spain,A,Annual,SP_CFRD,Share of population consuming fruits daily,Y_GE15,15 years or over,_T,Total,PT_POP,Percentage of population,SRVY,Survey,2011,,61.2,,A,Normal value,0,Units,,
DATAFLOW,OECD.ELS.HD:DSD_HEALTH_LVNG@DF_HEALTH_LVNG(1.0),Risk factors for health,I,SWE,Sweden,A,Annual,SP_CFRD,Share of population consuming fruits daily,Y_GE15,15 years or over,_T,Total,PT_POP,Percentage of population,SRVY,Survey,2012,,61.9,,A,Normal value,0,Units,,
DATAFLOW,OECD.ELS.HD:DSD_HEALTH_LVNG@DF_HEALTH_LVNG(1.0),Risk factors for health,I,SWE,Sweden,A,Annual,SP_CFRD,Share of population consuming fruits daily,Y_GE15,15 years or over,_T,Total,PT_POP,Percentage of population,SRVY,Survey,2011,,61.6,,A,Normal value,0,Units,,
DATAFLOW,OECD.ELS.HD:DSD_HEALTH_LVNG@DF_HEALTH_LVNG(1.0),Risk factors for health,I,SWE,Sweden,A,Annual,SP_CFRD,Share of population consuming fruits daily,Y_GE15,15 years or over,_T,Total,PT_POP,Percentage of population,SRVY,Survey,2010,,63.3,,A,Normal value,0,Units,,
DATAFLOW,OECD.ELS.HD:DSD_HEALTH_LVNG@DF_HEALTH_LVNG(1.0),Risk factors for health,I,SWE,Sweden,A,Annual,SP_CFRD,Share of population consuming fruits daily,Y_GE15,15 years or over,_T,Total,PT_POP,Percentage of population,SRVY,Survey,2009,,64.2,,A,Normal value,0,Units,,
DATAFLOW,OECD.ELS.HD:DSD_HEALTH_LVNG@DF_HEALTH_LVNG(1.0),Risk factors for health,I,SWE,Sweden,A,Annual,SP_CFRD,Share of population consuming fruits daily,Y_GE15,15 years or over,_T,Total,PT_POP,Percentage of population,SRVY,Survey,2008,,65.2,,A,Normal value,0,Units,,
DATAFLOW,OECD.ELS.HD:DSD_HEALTH_LVNG@DF_HEALTH_LVNG(1.0),Risk factors for health,I,SWE,Sweden,A,Annual,SP_CFRD,Share of population consuming fruits daily,Y_GE15,15 years or over,_T,Total,PT_POP,Percentage of population,SRVY,Survey,2007,,64.8,,A,Normal value,0,Units,,
DATAFLOW,OECD.ELS.HD:DSD_HEALTH_LVNG@DF_HEALTH_LVNG(1.0),Risk factors for health,I,SWE,Sweden,A,Annual,SP_CFRD,Share of population consuming fruits daily,Y_GE15,15 years or over,_T,Total,PT_POP,Percentage of population,SRVY,Survey,2006,,65,,A,Normal value,0,Units,,
DATAFLOW,OECD.ELS.HD:DSD_HEALTH_LVNG@DF_HEALTH_LVNG(1.0),Risk factors for health,I,SWE,Sweden,A,Annual,SP_CFRD,Share of population consuming fruits daily,Y_GE15,15 years or over,_T,Total,PT_POP,Percentage of population,SRVY,Survey,2005,,64,,A,Normal value,0,Units,,
DATAFLOW,OECD.ELS.HD:DSD_HEALTH_LVNG@DF_HEALTH_LVNG(1.0),Risk factors for health,I,SWE,Sweden,A,Annual,SP_CFRD,Share of population consuming fruits daily,Y_GE15,15 years or over,_T,Total,PT_POP,Percentage of population,SRVY,Survey,2004,,65.4,,A,Normal value,0,Units,,
DATAFLOW,OECD.ELS.HD:DSD_HEALTH_LVNG@DF_HEALTH_LVNG(1.0),Risk factors for health,I,SWE,Sweden,A,Annual,SP_CFRD,Share of population consuming fruits daily,Y_GE15,15 years or over,_T,Total,PT_POP,Percentage of population,SRVY,Survey,2022,,56.1,,A,Normal value,0,Units,,
DATAFLOW,OECD.ELS.HD:DSD_HEALTH_LVNG@DF_HEALTH_LVNG(1.0),Risk factors for health,I,SWE,Sweden,A,Annual,SP_CFRD,Share of population consuming fruits daily,Y_GE15,15 years or over,_T,Total,PT_POP,Percentage of population,SRVY,Survey,2021,,57.5,,A,Normal value,0,Units,,
DATAFLOW,OECD.ELS.HD:DSD_HEALTH_LVNG@DF_HEALTH_LVNG(1.0),Risk factors for health,I,SWE,Sweden,A,Annual,SP_CFRD,Share of population consuming fruits daily,Y_GE15,15 years or over,_T,Total,PT_POP,Percentage of population,SRVY,Survey,2020,,57.1,,A,Normal value,0,Units,,
DATAFLOW,OECD.ELS.HD:DSD_HEALTH_LVNG@DF_HEALTH_LVNG(1.0),Risk factors for health,I,SWE,Sweden,A,Annual,SP_CFRD,Share of population consuming fruits daily,Y_GE15,15 years or over,_T,Total,PT_POP,Percentage of population,SRVY,Survey,2018,,58.3,,A,Normal value,0,Units,,
DATAFLOW,OECD.ELS.HD:DSD_HEALTH_LVNG@DF_HEALTH_LVNG(1.0),Risk factors for health,I,SWE,Sweden,A,Annual,SP_CFRD,Share of population consuming fruits daily,Y_GE15,15 years or over,_T,Total,PT_POP,Percentage of population,SRVY,Survey,2016,,58.6,,A,Normal value,0,Units,,
DATAFLOW,OECD.ELS.HD:DSD_HEALTH_LVNG@DF_HEALTH_LVNG(1.0),Risk factors for health,I,SWE,Sweden,A,Annual,SP_CFRD,Share of population consuming fruits daily,Y_GE15,15 years or over,_T,Total,PT_POP,Percentage of population,SRVY,Survey,2015,,60.4,,A,Normal value,0,Units,,
DATAFLOW,OECD.ELS.HD:DSD_HEALTH_LVNG@DF_HEALTH_LVNG(1.0),Risk factors for health,I,SWE,Sweden,A,Annual,SP_CFRD,Share of population consuming fruits daily,Y_GE15,15 years or over,_T,Total,PT_POP,Percentage of population,SRVY,Survey,2014,,61.1,,A,Normal value,0,Units,,
DATAFLOW,OECD.ELS.HD:DSD_HEALTH_LVNG@DF_HEALTH_LVNG(1.0),Risk factors for health,I,CHE,Switzerland,A,Annual,SP_CFRD,Share of population consuming fruits daily,Y_GE15,15 years or over,_T,Total,PT_POP,Percentage of population,SRVY,Survey,2007,,83.6,,D,Definition differs,0,Units,,
DATAFLOW,OECD.ELS.HD:DSD_HEALTH_LVNG@DF_HEALTH_LVNG(1.0),Risk factors for health,I,CHE,Switzerland,A,Annual,SP_CFRD,Share of population consuming fruits daily,Y_GE15,15 years or over,_T,Total,PT_POP,Percentage of population,SRVY,Survey,2022,,54,,A,Normal value,0,Units,,
DATAFLOW,OECD.ELS.HD:DSD_HEALTH_LVNG@DF_HEALTH_LVNG(1.0),Risk factors for health,I,CHE,Switzerland,A,Annual,SP_CFRD,Share of population consuming fruits daily,Y_GE15,15 years or over,_T,Total,PT_POP,Percentage of population,SRVY,Survey,2017,,59.7,,A,Normal value,0,Units,,
DATAFLOW,OECD.ELS.HD:DSD_HEALTH_LVNG@DF_HEALTH_LVNG(1.0),Risk factors for health,I,TUR,Trkiye,A,Annual,SP_CFRD,Share of population consuming fruits daily,Y_GE15,15 years or over,_T,Total,PT_POP,Percentage of population,SRVY,Survey,2008,,52,,A,Normal value,0,Units,,
DATAFLOW,OECD.ELS.HD:DSD_HEALTH_LVNG@DF_HEALTH_LVNG(1.0),Risk factors for health,I,TUR,Trkiye,A,Annual,SP_CFRD,Share of population consuming fruits daily,Y_GE15,15 years or over,_T,Total,PT_POP,Percentage of population,SRVY,Survey,2022,,36.5,,A,Normal value,0,Units,,
DATAFLOW,OECD.ELS.HD:DSD_HEALTH_LVNG@DF_HEALTH_LVNG(1.0),Risk factors for health,I,TUR,Trkiye,A,Annual,SP_CFRD,Share of population consuming fruits daily,Y_GE15,15 years or over,_T,Total,PT_POP,Percentage of population,SRVY,Survey,2019,,45.7,,A,Normal value,0,Units,,
DATAFLOW,OECD.ELS.HD:DSD_HEALTH_LVNG@DF_HEALTH_LVNG(1.0),Risk factors for health,I,TUR,Trkiye,A,Annual,SP_CFRD,Share of population consuming fruits daily,Y_GE15,15 years or over,_T,Total,PT_POP,Percentage of population,SRVY,Survey,2016,,51.6,,A,Normal value,0,Units,,
DATAFLOW,OECD.ELS.HD:DSD_HEALTH_LVNG@DF_HEALTH_LVNG(1.0),Risk factors for health,I,TUR,Trkiye,A,Annual,SP_CFRD,Share of population consuming fruits daily,Y_GE15,15 years or over,_T,Total,PT_POP,Percentage of population,SRVY,Survey,2014,,47.5,,A,Normal value,0,Units,,
DATAFLOW,OECD.ELS.HD:DSD_HEALTH_LVNG@DF_HEALTH_LVNG(1.0),Risk factors for health,I,TUR,Trkiye,A,Annual,SP_CFRD,Share of population consuming fruits daily,Y_GE15,15 years or over,_T,Total,PT_POP,Percentage of population,SRVY,Survey,2012,,54.2,,A,Normal value,0,Units,,
DATAFLOW,OECD.ELS.HD:DSD_HEALTH_LVNG@DF_HEALTH_LVNG(1.0),Risk factors for health,I,USA,United States,A,Annual,SP_CFRD,Share of population consuming fruits daily,Y_GE15,15 years or over,_T,Total,PT_POP,Percentage of population,SRVY,Survey,2007,,58.2,,A,Normal value,0,Units,,
DATAFLOW,OECD.ELS.HD:DSD_HEALTH_LVNG@DF_HEALTH_LVNG(1.0),Risk factors for health,I,USA,United States,A,Annual,SP_CFRD,Share of population consuming fruits daily,Y_GE15,15 years or over,_T,Total,PT_POP,Percentage of population,SRVY,Survey,2018,,54,,A,Normal value,0,Units,,
DATAFLOW,OECD.ELS.HD:DSD_HEALTH_LVNG@DF_HEALTH_LVNG(1.0),Risk factors for health,I,USA,United States,A,Annual,SP_CFRD,Share of population consuming fruits daily,Y_GE15,15 years or over,_T,Total,PT_POP,Percentage of population,SRVY,Survey,2015,,58.4,,A,Normal value,0,Units,,
DATAFLOW,OECD.ELS.HD:DSD_HEALTH_LVNG@DF_HEALTH_LVNG(1.0),Risk factors for health,I,USA,United States,A,Annual,SP_CFRD,Share of population consuming fruits daily,Y_GE15,15 years or over,_T,Total,PT_POP,Percentage of population,SRVY,Survey,2014,,56.6,,A,Normal value,0,Units,,
DATAFLOW,OECD.ELS.HD:DSD_HEALTH_LVNG@DF_HEALTH_LVNG(1.0),Risk factors for health,I,USA,United States,A,Annual,SP_CFRD,Share of population consuming fruits daily,Y_GE15,15 years or over,_T,Total,PT_POP,Percentage of population,SRVY,Survey,2011,,57.9,,A,Normal value,0,Units,,
DATAFLOW,OECD.ELS.HD:DSD_HEALTH_LVNG@DF_HEALTH_LVNG(1.0),Risk factors for health,I,BGR,Bulgaria,A,Annual,SP_CFRD,Share of population consuming fruits daily,Y_GE15,15 years or over,_T,Total,PT_POP,Percentage of population,SRVY,Survey,2008,,45.2,,A,Normal value,0,Units,,
DATAFLOW,OECD.ELS.HD:DSD_HEALTH_LVNG@DF_HEALTH_LVNG(1.0),Risk factors for health,I,BGR,Bulgaria,A,Annual,SP_CFRD,Share of population consuming fruits daily,Y_GE15,15 years or over,_T,Total,PT_POP,Percentage of population,SRVY,Survey,2019,,39.4,,A,Normal value,0,Units,,
DATAFLOW,OECD.ELS.HD:DSD_HEALTH_LVNG@DF_HEALTH_LVNG(1.0),Risk factors for health,I,HRV,Croatia,A,Annual,SP_CFRD,Share of population consuming fruits daily,Y_GE15,15 years or over,_T,Total,PT_POP,Percentage of population,SRVY,Survey,2014,,58.1,,A,Normal value,0,Units,,
DATAFLOW,OECD.ELS.HD:DSD_HEALTH_LVNG@DF_HEALTH_LVNG(1.0),Risk factors for health,I,ROU,Romania,A,Annual,SP_CFRD,Share of population consuming fruits daily,Y_GE15,15 years or over,_T,Total,PT_POP,Percentage of population,SRVY,Survey,2008,,45.6,,D,Definition differs,0,Units,,
DATAFLOW,OECD.ELS.HD:DSD_HEALTH_LVNG@DF_HEALTH_LVNG(1.0),Risk factors for health,I,ROU,Romania,A,Annual,SP_CFRD,Share of population consuming fruits daily,Y_GE15,15 years or over,_T,Total,PT_POP,Percentage of population,SRVY,Survey,2019,,23.7,,B,Time series break,0,Units,,
DATAFLOW,OECD.ELS.HD:DSD_HEALTH_LVNG@DF_HEALTH_LVNG(1.0),Risk factors for health,I,AUS,Australia,A,Annual,SP_CFRD,Share of population consuming fruits daily,Y_GE15,15 years or over,_T,Total,PT_POP,Percentage of population,SRVY,Survey,2004,,93,,D,Definition differs,0,Units,,
DATAFLOW,OECD.ELS.HD:DSD_HEALTH_LVNG@DF_HEALTH_LVNG(1.0),Risk factors for health,I,AUT,Austria,A,Annual,SP_CFRD,Share of population consuming fruits daily,Y_GE15,15 years or over,_T,Total,PT_POP,Percentage of population,SRVY,Survey,2019,,49.9,,A,Normal value,0,Units,,
DATAFLOW,OECD.ELS.HD:DSD_HEALTH_LVNG@DF_HEALTH_LVNG(1.0),Risk factors for health,I,BEL,Belgium,A,Annual,SP_CFRD,Share of population consuming fruits daily,Y_GE15,15 years or over,_T,Total,PT_POP,Percentage of population,SRVY,Survey,2018,,54.8,,A,Normal value,0,Units,,
DATAFLOW,OECD.ELS.HD:DSD_HEALTH_LVNG@DF_HEALTH_LVNG(1.0),Risk factors for health,I,CAN,Canada,A,Annual,SP_CFRD,Share of population consuming fruits daily,Y_GE15,15 years or over,_T,Total,PT_POP,Percentage of population,SRVY,Survey,2013,,69.4,,A,Normal value,0,Units,,
DATAFLOW,OECD.ELS.HD:DSD_HEALTH_LVNG@DF_HEALTH_LVNG(1.0),Risk factors for health,I,CHL,Chile,A,Annual,SP_CFRD,Share of population consuming fruits daily,Y_GE15,15 years or over,_T,Total,PT_POP,Percentage of population,SRVY,Survey,2009,,34.9,,B,Time series break,0,Units,,
DATAFLOW,OECD.ELS.HD:DSD_HEALTH_LVNG@DF_HEALTH_LVNG(1.0),Risk factors for health,I,COL,Colombia,A,Annual,SP_CFRD,Share of population consuming fruits daily,Y_GE15,15 years or over,_T,Total,PT_POP,Percentage of population,SRVY,Survey,2015,,75.9,,A,Normal value,0,Units,,
DATAFLOW,OECD.ELS.HD:DSD_HEALTH_LVNG@DF_HEALTH_LVNG(1.0),Risk factors for health,I,CZE,Czechia,A,Annual,SP_CFRD,Share of population consuming fruits daily,Y_GE15,15 years or over,_T,Total,PT_POP,Percentage of population,SRVY,Survey,2019,,45.4,,A,Normal value,0,Units,,
DATAFLOW,OECD.ELS.HD:DSD_HEALTH_LVNG@DF_HEALTH_LVNG(1.0),Risk factors for health,I,DNK,Denmark,A,Annual,SP_CFRD,Share of population consuming fruits daily,Y_GE15,15 years or over,_T,Total,PT_POP,Percentage of population,SRVY,Survey,2000,,44.3,,A,Normal value,0,Units,,
DATAFLOW,OECD.ELS.HD:DSD_HEALTH_LVNG@DF_HEALTH_LVNG(1.0),Risk factors for health,I,EST,Estonia,A,Annual,SP_CFRD,Share of population consuming fruits daily,Y_GE15,15 years or over,_T,Total,PT_POP,Percentage of population,SRVY,Survey,2014,,52.2,,A,Normal value,0,Units,,
DATAFLOW,OECD.ELS.HD:DSD_HEALTH_LVNG@DF_HEALTH_LVNG(1.0),Risk factors for health,I,FIN,Finland,A,Annual,SP_CFRD,Share of population consuming fruits daily,Y_GE15,15 years or over,_T,Total,PT_POP,Percentage of population,SRVY,Survey,2007,,28.7,,A,Normal value,0,Units,,
DATAFLOW,OECD.ELS.HD:DSD_HEALTH_LVNG@DF_HEALTH_LVNG(1.0),Risk factors for health,I,FRA,France,A,Annual,SP_CFRD,Share of population consuming fruits daily,Y_GE15,15 years or over,_T,Total,PT_POP,Percentage of population,SRVY,Survey,2014,,55.1,,A,Normal value,0,Units,,
DATAFLOW,OECD.ELS.HD:DSD_HEALTH_LVNG@DF_HEALTH_LVNG(1.0),Risk factors for health,I,DEU,Germany,A,Annual,SP_CFRD,Share of population consuming fruits daily,Y_GE15,15 years or over,_T,Total,PT_POP,Percentage of population,SRVY,Survey,2010,,60.8,,A,Normal value,0,Units,,
DATAFLOW,OECD.ELS.HD:DSD_HEALTH_LVNG@DF_HEALTH_LVNG(1.0),Risk factors for health,I,GRC,Greece,A,Annual,SP_CFRD,Share of population consuming fruits daily,Y_GE15,15 years or over,_T,Total,PT_POP,Percentage of population,SRVY,Survey,2014,,55,,A,Normal value,0,Units,,
DATAFLOW,OECD.ELS.HD:DSD_HEALTH_LVNG@DF_HEALTH_LVNG(1.0),Risk factors for health,I,HUN,Hungary,A,Annual,SP_CFRD,Share of population consuming fruits daily,Y_GE15,15 years or over,_T,Total,PT_POP,Percentage of population,SRVY,Survey,2014,,59.1,,A,Normal value,0,Units,,
DATAFLOW,OECD.ELS.HD:DSD_HEALTH_LVNG@DF_HEALTH_LVNG(1.0),Risk factors for health,I,ISL,Iceland,A,Annual,SP_CFRD,Share of population consuming fruits daily,Y_GE15,15 years or over,_T,Total,PT_POP,Percentage of population,SRVY,Survey,2021,,46.2,,D,Definition differs,0,Units,,
DATAFLOW,OECD.ELS.HD:DSD_HEALTH_LVNG@DF_HEALTH_LVNG(1.0),Risk factors for health,I,IRL,Ireland,A,Annual,SP_CFRD,Share of population consuming fruits daily,Y_GE15,15 years or over,_T,Total,PT_POP,Percentage of population,SRVY,Survey,2016,,55,,A,Normal value,0,Units,,
DATAFLOW,OECD.ELS.HD:DSD_HEALTH_LVNG@DF_HEALTH_LVNG(1.0),Risk factors for health,I,ISR,Israel,A,Annual,SP_CFRD,Share of population consuming fruits daily,Y_GE15,15 years or over,_T,Total,PT_POP,Percentage of population,SRVY,Survey,2008,,70.6,,A,Normal value,0,Units,,
DATAFLOW,OECD.ELS.HD:DSD_HEALTH_LVNG@DF_HEALTH_LVNG(1.0),Risk factors for health,I,ITA,Italy,A,Annual,SP_CFRD,Share of population consuming fruits daily,Y_GE15,15 years or over,_T,Total,PT_POP,Percentage of population,SRVY,Survey,2006,,78.4,,A,Normal value,0,Units,,
DATAFLOW,OECD.ELS.HD:DSD_HEALTH_LVNG@DF_HEALTH_LVNG(1.0),Risk factors for health,I,KOR,Korea,A,Annual,SP_CFRD,Share of population consuming fruits daily,Y_GE15,15 years or over,_T,Total,PT_POP,Percentage of population,SRVY,Survey,2017,,65.7,,A,Normal value,0,Units,,
DATAFLOW,OECD.ELS.HD:DSD_HEALTH_LVNG@DF_HEALTH_LVNG(1.0),Risk factors for health,I,LVA,Latvia,A,Annual,SP_CFRD,Share of population consuming fruits daily,Y_GE15,15 years or over,_T,Total,PT_POP,Percentage of population,SRVY,Survey,2016,,29.7,,B,Time series break,0,Units,,
DATAFLOW,OECD.ELS.HD:DSD_HEALTH_LVNG@DF_HEALTH_LVNG(1.0),Risk factors for health,I,LTU,Lithuania,A,Annual,SP_CFRD,Share of population consuming fruits daily,Y_GE15,15 years or over,_T,Total,PT_POP,Percentage of population,SRVY,Survey,2019,,47.4,,A,Normal value,0,Units,,
DATAFLOW,OECD.ELS.HD:DSD_HEALTH_LVNG@DF_HEALTH_LVNG(1.0),Risk factors for health,I,LUX,Luxembourg,A,Annual,SP_CFRD,Share of population consuming fruits daily,Y_GE15,15 years or over,_T,Total,PT_POP,Percentage of population,SRVY,Survey,2019,,40.1,,A,Normal value,0,Units,,
DATAFLOW,OECD.ELS.HD:DSD_HEALTH_LVNG@DF_HEALTH_LVNG(1.0),Risk factors for health,I,MEX,Mexico,A,Annual,SP_CFRD,Share of population consuming fruits daily,Y_GE15,15 years or over,_T,Total,PT_POP,Percentage of population,SRVY,Survey,2012,,43.1,,A,Normal value,0,Units,,
DATAFLOW,OECD.ELS.HD:DSD_HEALTH_LVNG@DF_HEALTH_LVNG(1.0),Risk factors for health,I,NLD,Netherlands,A,Annual,SP_CFRD,Share of population consuming fruits daily,Y_GE15,15 years or over,_T,Total,PT_POP,Percentage of population,SRVY,Survey,2014,,41,,A,Normal value,0,Units,,
DATAFLOW,OECD.ELS.HD:DSD_HEALTH_LVNG@DF_HEALTH_LVNG(1.0),Risk factors for health,I,NZL,New Zealand,A,Annual,SP_CFRD,Share of population consuming fruits daily,Y_GE15,15 years or over,_T,Total,PT_POP,Percentage of population,SRVY,Survey,2018,,81.4,,D,Definition differs,0,Units,,
DATAFLOW,OECD.ELS.HD:DSD_HEALTH_LVNG@DF_HEALTH_LVNG(1.0),Risk factors for health,I,NOR,Norway,A,Annual,SP_CFRD,Share of population consuming fruits daily,Y_GE15,15 years or over,_T,Total,PT_POP,Percentage of population,SRVY,Survey,2008,,65,,A,Normal value,0,Units,,
DATAFLOW,OECD.ELS.HD:DSD_HEALTH_LVNG@DF_HEALTH_LVNG(1.0),Risk factors for health,I,POL,Poland,A,Annual,SP_CFRD,Share of population consuming fruits daily,Y_GE15,15 years or over,_T,Total,PT_POP,Percentage of population,SRVY,Survey,2014,,58.5,,A,Normal value,0,Units,,
DATAFLOW,OECD.ELS.HD:DSD_HEALTH_LVNG@DF_HEALTH_LVNG(1.0),Risk factors for health,I,PRT,Portugal,A,Annual,SP_CFRD,Share of population consuming fruits daily,Y_GE15,15 years or over,_T,Total,PT_POP,Percentage of population,SRVY,Survey,2019,,66.4,,A,Normal value,0,Units,,
DATAFLOW,OECD.ELS.HD:DSD_HEALTH_LVNG@DF_HEALTH_LVNG(1.0),Risk factors for health,I,SVK,Slovak Republic,A,Annual,SP_CFRD,Share of population consuming fruits daily,Y_GE15,15 years or over,_T,Total,PT_POP,Percentage of population,SRVY,Survey,2019,,52.9,,A,Normal value,0,Units,,
DATAFLOW,OECD.ELS.HD:DSD_HEALTH_LVNG@DF_HEALTH_LVNG(1.0),Risk factors for health,I,SVN,Slovenia,A,Annual,SP_CFRD,Share of population consuming fruits daily,Y_GE15,15 years or over,_T,Total,PT_POP,Percentage of population,SRVY,Survey,2019,,54.8,,A,Normal value,0,Units,,
DATAFLOW,OECD.ELS.HD:DSD_HEALTH_LVNG@DF_HEALTH_LVNG(1.0),Risk factors for health,I,ESP,Spain,A,Annual,SP_CFRD,Share of population consuming fruits daily,Y_GE15,15 years or over,_T,Total,PT_POP,Percentage of population,SRVY,Survey,2006,,67.4,,A,Normal value,0,Units,,
DATAFLOW,OECD.ELS.HD:DSD_HEALTH_LVNG@DF_HEALTH_LVNG(1.0),Risk factors for health,I,SWE,Sweden,A,Annual,SP_CFRD,Share of population consuming fruits daily,Y_GE15,15 years or over,_T,Total,PT_POP,Percentage of population,SRVY,Survey,2013,,60.6,,A,Normal value,0,Units,,
DATAFLOW,OECD.ELS.HD:DSD_HEALTH_LVNG@DF_HEALTH_LVNG(1.0),Risk factors for health,I,CHE,Switzerland,A,Annual,SP_CFRD,Share of population consuming fruits daily,Y_GE15,15 years or over,_T,Total,PT_POP,Percentage of population,SRVY,Survey,2012,,61.5,,B,Time series break,0,Units,,
DATAFLOW,OECD.ELS.HD:DSD_HEALTH_LVNG@DF_HEALTH_LVNG(1.0),Risk factors for health,I,TUR,Trkiye,A,Annual,SP_CFRD,Share of population consuming fruits daily,Y_GE15,15 years or over,_T,Total,PT_POP,Percentage of population,SRVY,Survey,2010,,57.1,,A,Normal value,0,Units,,
DATAFLOW,OECD.ELS.HD:DSD_HEALTH_LVNG@DF_HEALTH_LVNG(1.0),Risk factors for health,I,GBR,United Kingdom,A,Annual,SP_CFRD,Share of population consuming fruits daily,Y_GE15,15 years or over,_T,Total,PT_POP,Percentage of population,SRVY,Survey,2014,,62.8,,A,Normal value,0,Units,,
DATAFLOW,OECD.ELS.HD:DSD_HEALTH_LVNG@DF_HEALTH_LVNG(1.0),Risk factors for health,I,USA,United States,A,Annual,SP_CFRD,Share of population consuming fruits daily,Y_GE15,15 years or over,_T,Total,PT_POP,Percentage of population,SRVY,Survey,2009,,58.3,,A,Normal value,0,Units,,
DATAFLOW,OECD.ELS.HD:DSD_HEALTH_LVNG@DF_HEALTH_LVNG(1.0),Risk factors for health,I,BGR,Bulgaria,A,Annual,SP_CFRD,Share of population consuming fruits daily,Y_GE15,15 years or over,_T,Total,PT_POP,Percentage of population,SRVY,Survey,2014,,35.3,,A,Normal value,0,Units,,
DATAFLOW,OECD.ELS.HD:DSD_HEALTH_LVNG@DF_HEALTH_LVNG(1.0),Risk factors for health,I,HRV,Croatia,A,Annual,SP_CFRD,Share of population consuming fruits daily,Y_GE15,15 years or over,_T,Total,PT_POP,Percentage of population,SRVY,Survey,2019,,59,,A,Normal value,0,Units,,
DATAFLOW,OECD.ELS.HD:DSD_HEALTH_LVNG@DF_HEALTH_LVNG(1.0),Risk factors for health,I,ROU,Romania,A,Annual,SP_CFRD,Share of population consuming fruits daily,Y_GE15,15 years or over,_T,Total,PT_POP,Percentage of population,SRVY,Survey,2014,,28.8,,D,Definition differs,0,Units,,
